180,[14, 190, 173, 40, 40, 10, 114, 10, 72, 190, 180, 181, 30, 10, 10, 120, 173, 353, 180, 190, 190, 72, 42, 193, 180, 190, 180, 181, 10, 10, 138, 60, 180, 190, 120, 20, 17, 12, 30, 111, 42, 36, 50, 52, 42, 110, 183, 51, 46, 30, 10, 120, 36, 10, 42, 42, 43, 20, 190, 190, 150, 190, 10, 90, 41, 180, 1712, 50, 10, 72, 180, 42, 232, 180, 43, 190, 36, 43, 190, 180, 180, 42, 1056, 51, 111, 190, 15, 1124, 190, 40, 10, 841, 190, 40, 20, 180, 874, 73, 333, 26, 42, 40, 85, 333, 20, 111, 110, 93, 190, 110, 36, 180, 190, 87, 180, 73, 1121, 195, 10, 112, 193, 72, 87, 193, 42, 14, 14, 111, 180, 10, 42, 190, 50, 195]
14,[40, 20, 190, 180, 181, 190, 14, 10, 14, 195, 22, 51, 195, 43, 14, 10, 46, 43, 14, 57, 36, 14, 141, 46, 141, 154, 14, 40, 110, 141, 141, 14, 113, 14, 154, 72, 20, 100, 110, 114, 30, 112, 13, 42, 20, 36, 139, 130, 43, 120, 13, 334, 195, 10, 14, 80, 61, 26, 22, 51, 85, 50, 14, 57, 50, 72, 14, 20, 43, 72, 120, 1222, 84, 174, 91, 20, 20, 22, 111, 129, 36, 46, 195, 14, 72, 60, 180, 141, 72, 36, 43, 20, 1124, 20, 90, 71, 190]
40,[172, 42, 42, 71, 10, 173, 14, 180, 20, 72, 190, 102, 120, 111, 71, 85, 40, 36, 192, 40, 30, 85, 190, 46, 138, 50, 13, 90, 190, 874, 100, 12, 20, 113, 40, 42, 841, 36, 1712, 841, 190, 51, 10, 40, 72, 164, 190, 173, 40, 20, 40, 190, 46, 46, 46, 30, 841, 193, 12, 112, 154, 112, 110, 113, 12, 40, 40, 42, 110, 112, 190, 40, 112, 10, 111, 51, 173, 20, 40, 193, 20, 80, 43, 1124, 190, 30, 10, 30, 40, 40, 90, 10, 15, 51, 40, 180, 40, 42, 75, 15, 43, 14, 40, 841, 40, 125, 100, 874, 151, 42, 72, 10, 173, 173, 90, 192, 874, 112, 110, 40, 42, 30, 194, 120, 30, 180, 192, 100, 80, 154, 141, 16, 60, 841, 43, 42, 40, 43, 73, 50, 50, 42, 40, 42, 192, 841, 172, 42, 40, 1712, 154, 130, 120, 114, 51, 112, 90, 20, 36, 70, 43, 23, 20, 36, 80, 36, 30, 90, 13, 40, 60, 60, 43, 70, 112, 18, 10, 30, 139, 100, 60, 130, 130, 190, 190, 111, 36, 356, 20, 46, 841, 60, 42, 192, 36, 51, 90, 874, 154, 72, 173, 190, 190, 120, 193, 40, 84, 43, 10, 20, 84, 42, 1246, 20, 30, 46, 26, 50, 193, 26, 190, 141, 193, 57, 174, 14, 56, 85, 163, 254, 46, 190, 254, 111, 190, 100, 111, 180, 190, 36, 193, 190, 193, 172, 120, 53, 40, 138, 12, 12, 40, 120, 120, 80, 30, 80, 14, 10, 42, 12, 51, 42, 193, 181, 112, 194, 190, 90, 72, 90, 42, 111, 40, 46, 20, 40, 42, 110, 43, 43, 110, 10, 12, 174, 138, 40, 51, 129, 120, 42, 40, 13, 110, 43, 51, 120, 111, 30, 139, 139, 190, 174, 46, 10, 111, 80, 138, 112, 120, 45, 40, 60, 190, 46, 51, 43, 44, 36, 36, 43, 120, 190, 331, 46, 180, 75, 174, 90, 42, 114, 71, 195, 12, 20, 40, 120, 12, 138, 110, 71, 12, 46, 60, 40, 40, 72, 46, 10, 87, 26, 130, 51, 40, 51, 72, 111, 40, 190, 20, 192, 190, 43, 43, 120, 40, 194, 20, 173, 10, 110, 241, 90, 173, 40, 72, 72, 30, 10, 154, 173, 100, 173, 43, 111, 72, 874, 12, 90, 111, 193, 20]
172,[72, 173, 172, 14, 172, 43, 71, 138, 46, 138, 874, 190, 42, 180, 190, 112, 120, 190, 20, 190, 10, 841, 42, 190, 161, 43, 43, 46, 22, 10, 254, 172, 51, 193, 154, 43, 50, 130, 12, 40, 50, 33, 30, 112, 154, 120, 112, 195, 194, 190, 72, 20, 61, 172, 40, 172, 111, 190, 111, 40, 154, 110, 42, 182, 173, 10, 40, 112, 190, 85, 1711, 85, 190, 193, 10, 190, 10]
72,[70, 874, 72, 173, 40, 332, 72, 138, 57, 40, 36, 72, 30, 173, 111, 120, 15, 172, 80, 57, 190, 10, 1722, 51, 72, 42, 30, 20, 1722, 111, 110, 110, 22, 50, 40, 20, 20, 173, 120, 36, 72, 51, 72, 36, 332, 874, 72, 42, 332, 60, 841, 190, 20, 80, 90, 21, 190, 195, 60, 90, 60, 60, 21, 72, 10, 40, 874, 10, 42, 154, 173, 841, 173, 80, 111, 10, 112, 72, 72, 332, 42, 51, 190, 332, 111, 112, 232, 190, 42, 20, 1123, 43, 72, 36, 42, 13, 72, 42, 51, 130, 20, 51, 51, 10, 72, 60, 10, 72, 72, 100, 72, 72, 70, 190, 110, 190, 174, 60, 36, 150, 10, 190, 80, 80, 85, 43, 193, 193, 112, 72, 72, 42, 42, 111, 180, 42, 180, 72, 50, 874, 30, 111, 12, 72, 72, 112, 180, 112, 35, 110, 51, 20, 57, 36, 10, 30, 70, 50, 120, 14, 51, 114, 173, 180, 20, 111, 36, 36, 20, 190, 154, 46, 180, 20, 90, 10, 42, 42, 10, 30, 40, 70, 192, 173, 84, 72, 20, 10, 110, 72, 40, 194, 40, 26, 36, 72, 1121, 332, 92, 71, 110, 12, 192, 12, 30, 51, 1722, 100, 183, 30, 10, 72, 190, 90, 154, 1384, 170, 13, 60, 120, 30, 190, 112, 72, 51, 87, 72, 72, 190, 190, 90, 43, 51, 20, 55, 42, 138, 53, 190, 160, 51, 71, 60, 190, 120, 110, 51, 1056, 10, 13, 72, 42, 72, 72, 874, 30]
70,[841, 161, 332, 874, 70, 36, 70, 90, 84, 10, 70, 173, 10, 190, 42, 30, 42, 1123, 40, 51, 42, 334, 20, 172, 20, 36, 193, 70, 70, 110, 28, 60, 14, 70, 46, 85, 51, 25, 60, 51, 50, 70, 51, 10, 60, 130, 120, 874, 110, 192, 20, 40, 183, 112, 111, 70, 10, 173, 21, 72, 42, 112, 131, 192, 174, 190, 60, 1312, 30, 46, 141, 231, 70, 190, 110, 36, 1123, 70, 110, 42, 51, 40, 20, 190, 173, 36, 51, 12, 60, 40, 23, 23, 72, 70, 13, 43, 112, 813, 70, 841, 51, 43, 120, 70, 190, 70, 194, 46, 190]
841,[90, 60, 40, 72, 57, 50, 85, 11, 190, 110, 23, 20, 43, 841, 61, 841, 110, 36, 20, 841, 20, 10, 110, 40, 46, 12, 20, 190, 150, 80, 173, 20, 40, 154, 190, 20, 841, 194, 80, 173, 46, 46, 841, 71, 194, 13, 60, 71, 57, 51, 42, 72, 40, 60, 190, 86, 40, 46, 125, 46, 841, 70, 46, 84, 20, 20, 112, 841, 36, 10, 874, 173, 112, 42, 125, 841, 122, 42, 831, 20, 190, 193, 190, 173, 110, 110, 841, 72, 42, 190, 131, 841, 12, 14, 40, 841, 172, 14, 72, 25, 80, 110, 193, 170, 40, 33, 110, 80, 43, 30, 841, 30, 30, 30, 50, 190, 190, 20, 90, 20]
90,[90, 72, 172, 90, 90, 51, 128, 112, 22, 154, 138, 13, 190, 190, 190, 10, 233, 841, 57, 20, 10, 190, 60, 190, 10, 173, 10, 110, 112, 40, 13, 57, 194, 42, 194, 75, 90, 190, 90, 42, 75, 20, 43, 311, 80, 111, 13, 43, 100, 51, 141, 90, 90, 12, 138, 90, 181, 90, 190, 331, 190, 190, 30, 40, 42, 190, 46, 20, 90, 100, 80, 195, 120, 21, 193, 36, 42, 42, 42, 111, 871, 138, 871, 192, 43, 190, 10, 40, 874, 12, 90, 51, 51, 46, 332, 42, 160, 40, 173, 54, 12, 841, 42, 31, 51, 194, 36, 90, 20, 145, 173, 80, 150, 15, 90, 42, 90, 43, 42, 12, 36, 130, 120, 139, 139, 139, 90, 90, 85, 192, 173, 90, 120, 190, 10, 192, 190, 120, 42, 90, 13, 13, 20, 61, 10, 90, 112, 30, 128, 10, 43, 90, 90, 52, 10, 90, 10, 90, 36, 831, 831, 841, 120, 190, 90, 42, 90, 40, 90, 42, 1014, 51, 130, 120, 84, 190, 14, 190, 36, 90, 1312, 100, 173, 90, 100, 12, 120, 57, 193, 90, 40, 10, 90, 112, 12, 172, 36, 90, 161, 30, 195, 30, 841, 254, 51, 190, 90, 43, 90, 182, 10, 13, 145, 42, 173, 40, 46, 120, 1312, 20, 10, 90, 10, 90, 190, 110, 190, 51, 160, 90, 874, 190, 10, 43, 30, 23, 90, 90, 120, 13, 231, 73, 190, 14, 145, 80, 195, 51, 40, 46, 1125, 10, 145, 193, 46, 190, 160, 42, 60, 36, 193, 42, 139, 145, 112, 831, 10, 14, 1712, 38, 122, 90, 90, 42, 60, 190, 190, 90, 51, 873, 180, 173, 1124, 90, 180, 120, 190, 174, 30]
874,[20, 20, 40, 72, 874, 36, 111, 175, 190, 100, 60, 35, 173, 190, 42, 90, 10, 190, 190, 72, 13, 150, 172, 51, 51, 190, 874, 112, 120, 10, 40, 194, 232, 173, 12, 43, 43, 190, 46, 110, 874, 20, 10, 192, 46, 181, 10, 192, 874, 90, 90, 43, 112, 36, 173, 194, 50, 190, 154, 874, 190, 40, 120, 42, 874, 31, 871, 874, 190, 43, 40, 193, 36, 1123, 46, 173, 110, 46, 71, 110, 36, 874, 43, 60, 874, 874, 12, 160, 831, 194, 36, 72, 190, 10, 154, 193, 173]
20,[60, 173, 10, 173, 72, 12, 36, 193, 20, 190, 874, 10, 72, 12, 10, 36, 72, 60, 60, 16, 30, 60, 18, 193, 110, 1123, 173, 40, 173, 51, 36, 190, 40, 84, 334, 10, 112, 35, 42, 53, 1312, 131, 10, 90, 180, 43, 173, 190, 90, 80, 35, 214, 1014, 120, 20, 129, 12, 190, 172, 190, 180, 72, 110, 42, 112, 190, 130, 194, 10, 190, 90, 154, 40, 120, 173, 138, 192, 195, 84, 42, 10, 20, 10, 42, 193, 190, 20, 20, 20, 51, 20, 12, 12, 190, 20, 14, 42, 51, 174, 20, 10, 20, 43, 12, 51, 10, 10, 71, 191, 332, 14, 30, 120, 10, 154, 154, 10, 40, 10, 20, 10, 51, 42, 41, 190, 100, 70, 332, 61, 100, 10, 10, 160, 61, 70, 130, 120, 20, 173, 20, 334, 20, 80, 72, 70, 1711, 36, 254, 192, 70, 90, 20, 12, 112, 190, 20, 145, 51, 163, 42, 10, 111, 70, 110, 10, 36, 17, 10, 80, 51, 194, 46, 130, 190, 139, 20, 154, 111, 180, 110, 10, 51, 12, 120, 12, 173, 10, 20, 180, 43, 356, 90, 72, 42, 30, 173, 70, 40, 40, 46, 190, 20, 60, 20, 190, 42, 100, 72, 43, 72, 1014, 41, 36, 20, 10, 80, 190, 192, 100, 36, 20, 40, 90, 192, 61, 60, 40, 51, 193, 36, 194, 40, 163, 40, 20, 40, 831, 53, 130, 190, 51, 190, 194, 180, 180, 57, 71, 50, 46, 10, 193, 12, 10, 110, 20, 190, 42, 111, 90, 13, 45, 173, 841, 13, 111, 40, 871, 1712, 11, 139, 154, 20, 51, 36, 36, 40, 174, 130, 138, 90, 130, 14, 138, 30, 20, 72, 20, 190, 84, 31, 190, 190, 190, 130, 174, 43, 42, 874, 43, 172, 22, 110, 60, 20, 130, 111, 20, 20, 80, 139, 42, 120, 72, 213, 20, 111, 46, 141, 161, 70, 40, 172, 46, 46, 72, 30, 192, 173, 20, 40, 173, 20, 331, 50, 173, 20, 111, 51, 84, 110, 42, 173, 90, 190, 190, 20, 51, 20, 12, 181, 20, 150, 60, 20, 20, 51, 84, 332, 173, 10, 110, 190, 43, 30, 80, 36, 120, 51, 110, 20, 40, 190, 161, 871, 10, 33, 36, 190, 110, 190, 190, 30, 70, 20, 51, 10, 42, 190, 14, 51, 40, 193, 13, 36, 138, 20, 193, 193, 195, 60, 46, 20, 20, 12, 71, 40, 353, 193, 195, 190, 190, 20, 46, 51, 173, 20, 46, 10, 20, 13, 20, 43, 20, 16, 173, 50, 42, 841, 42, 51, 51, 111, 20, 51, 190, 30, 194, 51, 120, 20, 120, 111, 20, 20, 42, 173, 120, 60, 70, 40, 40]
60,[841, 110, 841, 112, 173, 111, 12, 90, 60, 60, 72, 60, 60, 18, 60, 20, 111, 46, 10, 192, 51, 12, 46, 40, 42, 20, 13, 138, 190, 60, 190, 180, 72, 72, 51, 60, 40, 42, 10, 90, 90, 190, 120, 31, 190, 40, 51, 138, 141, 43, 141, 42, 10, 60, 10, 190, 43, 190, 138, 120, 40, 138, 20, 100, 60, 190, 60, 120, 190, 232, 1124, 36, 120, 57, 120, 51, 139, 42, 190, 139, 60, 841, 42, 40, 190, 173, 46, 10, 36, 10, 10, 60, 193, 10, 43, 100, 40, 192, 193, 190, 85, 174, 192, 22, 143, 60, 190, 110, 173, 70, 190, 10, 73, 60, 112, 190, 139, 138, 60, 46, 20, 213, 841, 192, 90, 130, 60, 1312, 71, 190, 120, 70, 60, 72, 60, 110, 192, 130, 111, 174, 85, 190, 75, 46, 71, 42, 33, 33, 190, 113, 10, 111, 51, 51, 30, 331, 43, 45, 42, 192, 356, 193, 36, 195, 51, 190, 84, 45, 20, 72, 231, 20, 192, 14, 42, 13, 190, 190, 190, 30, 190, 1043, 190, 40, 874, 60, 36, 70, 36, 60, 36, 42]
110,[70, 10, 195, 61, 20, 111, 10, 110, 138, 22, 14, 193, 50, 61, 51, 841, 138, 110, 100, 100, 110, 35, 90, 51, 70, 110, 111, 51, 110, 90, 90, 173, 43, 43, 190, 40, 120, 20, 20, 51, 331, 841, 30, 10, 874, 190, 874, 141, 110, 190, 192, 51, 190, 43, 111, 42, 130, 190, 30, 138, 12, 40, 110, 130, 130, 42, 112, 173, 190, 110, 51, 10, 13, 120, 36, 111, 154, 13, 120, 25, 139, 84, 130, 51, 20, 20, 163, 190, 112, 40, 193, 90, 26, 90, 110, 1124, 57, 51, 42, 72, 232, 10, 20, 110, 36, 60, 72, 10, 125, 43, 43, 51, 14, 61, 20, 172, 174, 110, 36, 1123, 111, 46, 139, 100, 30, 10, 139, 51, 139, 27, 130, 50, 193, 90, 173, 41, 42, 183, 30, 10, 110, 190, 43, 40, 73, 190, 70, 43, 190, 43, 90, 110, 173, 173, 110, 43, 40, 51, 50, 46, 43, 154, 110, 141, 110, 120, 138, 20, 192, 72, 332, 10, 130, 36, 36, 111, 10, 30, 874, 20, 90, 331, 17, 160, 33, 10, 813, 90, 20, 110, 46]
161,[70, 138, 51, 10, 43, 161, 51, 14, 356, 181, 138, 51, 90, 112, 60, 50, 161, 40, 160]
332,[60, 14, 72, 332, 42, 80, 10, 72, 193, 195, 332, 831, 72, 841, 51, 36, 18, 332, 72, 20, 138, 57, 112, 72, 190, 172, 332, 42, 72, 332, 332, 72, 72, 190, 20, 50, 30, 20]
42,[141, 874, 50, 193, 173, 10, 173, 111, 36, 51, 10, 12, 10, 42, 42, 36, 90, 111, 112, 40, 42, 841, 42, 80, 172, 15, 40, 190, 90, 20, 84, 193, 111, 190, 43, 85, 173, 42, 30, 120, 42, 160, 43, 120, 20, 42, 43, 46, 20, 43, 100, 31, 120, 51, 13, 172, 51, 42, 13, 42, 42, 85, 138, 30, 30, 42, 180, 51, 110, 172, 110, 42, 42, 72, 40, 40, 10, 43, 13, 138, 833, 173, 190, 194, 30, 180, 73, 12, 40, 10, 1124, 20, 43, 10, 141, 39, 39, 42, 42, 173, 13, 150, 40, 192, 125, 195, 42, 1711, 42, 72, 72, 120, 110, 874, 190, 190, 10, 42, 10, 42, 112, 36, 36, 201, 36, 111, 10, 20, 71, 190, 154, 10, 180, 90, 42, 10, 74, 138, 40, 138, 43, 50, 10, 112, 100, 192, 138, 74, 60, 80, 51, 192, 10, 73, 51, 70, 130, 72, 192, 70, 138, 10, 841, 10, 332, 160, 112, 874, 111, 42, 40, 51, 160, 36, 10, 12, 160, 90, 181, 111, 42, 20, 42, 112, 193, 70, 186, 42, 193, 42, 195, 120, 30, 71, 130, 13, 13, 30, 12, 42, 45, 112, 190, 173, 90, 10, 100, 85, 160, 42, 42, 90, 90, 12, 120, 70, 60, 36, 30, 194, 130, 40, 14, 130, 13, 42, 22, 46, 130, 173, 36, 20, 111, 12, 180, 51, 60, 60, 1124, 874, 120, 141, 50, 190, 112, 192, 30, 42, 20, 42, 128, 90, 190, 190, 112, 43, 874, 42, 172, 10, 15, 90, 51, 14, 10, 10, 16, 74, 61, 101, 138, 10, 190, 40, 40, 85, 85, 37, 44, 42, 160, 53, 72, 42, 112, 30, 40, 143, 10, 42, 43, 42, 43, 42, 42, 42, 51, 42, 130, 42, 42, 195, 43, 51, 112, 50, 10, 42, 42, 10, 40, 10, 10, 46, 50, 71, 42, 192, 42, 10, 43, 72, 72, 111, 10, 190, 182, 10, 42, 42, 32, 71, 120, 30, 874, 141, 154, 190, 190, 150, 10, 80, 13, 42, 10, 72, 190, 10, 10, 10, 40, 114, 40, 874, 42, 90, 173, 43, 12, 10, 42, 841, 120, 120, 43, 112, 40, 190, 173, 111, 190, 13, 130, 172, 139, 172, 110, 130, 190, 10, 10, 130, 72, 356, 31, 70, 50, 20, 174, 42, 42, 192, 20, 110, 73, 80, 331, 100, 71, 841, 141, 42, 231, 120, 40, 73, 72, 42, 180, 173, 180, 12, 71, 114, 190, 145, 12, 46, 42, 42, 10, 873, 71, 51, 190, 42, 190, 190, 20, 70, 46, 131, 51, 871, 36, 72, 234, 60, 40, 190, 42, 141, 50, 192, 42, 180, 192, 84, 43, 42, 20, 1384, 20, 36, 13, 43, 110, 10, 60, 190, 27, 71, 128, 190, 42, 72, 72, 190, 30, 174, 42, 72, 190, 51, 46, 51, 72, 72, 42, 42, 55, 72, 42, 190, 46, 120, 180, 160, 20, 190, 173, 1124, 10, 90, 10, 190, 40]
141,[71, 10, 173, 30, 150, 40, 40, 141, 30, 841, 353, 42, 14, 40, 40, 141, 138, 42, 100, 190, 110, 36, 141, 874, 40, 20, 356, 195, 112, 26, 42, 40, 16, 51, 43, 72, 80, 10, 42, 112, 10, 20, 13, 154, 20, 10, 70, 43, 90, 20, 43, 51, 141, 14, 80, 90, 120, 20, 128, 42, 51, 40, 138, 190, 138, 60, 195, 110, 190, 195, 112, 90, 42, 190, 51, 173, 22, 110, 13, 51, 10, 154, 190, 51, 43]
71,[51, 1122, 173, 874, 190, 10, 141, 10, 195, 90, 190, 190, 20, 20, 841, 46, 90, 40, 71, 154, 30, 73, 51, 16, 173, 71, 71, 234, 72, 1121, 10, 192, 51, 60, 133, 190, 72, 51, 190, 46, 190, 1312, 193, 20, 114, 190, 71, 40, 73, 192, 1244, 40, 60, 20, 71, 51, 84, 182, 70, 20, 231, 190, 190, 30, 10, 190, 190, 20, 72, 43, 173, 173, 71, 71, 71, 30, 180]
51,[31, 173, 102, 20, 190, 40, 51, 46, 1712, 172, 51, 110, 51, 190, 1712, 110, 33, 138, 190, 51, 10, 110, 40, 90, 15, 10, 90, 60, 54, 112, 120, 14, 122, 173, 51, 16, 111, 190, 112, 112, 138, 51, 60, 10, 57, 85, 110, 13, 51, 20, 111, 111, 172, 13, 90, 10, 10, 12, 18, 10, 112, 195, 36, 874, 120, 90, 190, 195, 90, 42, 190, 42, 42, 80, 190, 193, 72, 173, 180, 51, 43, 194, 43, 10, 841, 72, 192, 874, 12, 173, 22, 36, 180, 10, 112, 193, 180, 20, 190, 51, 113, 145, 190, 138, 51, 145, 10, 10, 10, 51, 100, 90, 42, 51, 120, 112, 120, 43, 10, 110, 42, 332, 190, 51, 190, 190, 43, 10, 10, 112, 154, 10, 43, 80, 190, 138, 130, 195, 46, 90, 40, 190, 51, 70, 51, 190, 173, 51, 43, 61, 46, 14, 1711, 28, 42, 51, 36, 172, 192, 192, 31, 20, 10, 30, 86, 112, 100, 70, 110, 10, 100, 16, 14, 190, 139, 30, 30, 190, 12, 90, 20, 90, 51, 190, 51, 36, 51, 100, 42, 36, 42, 190, 180, 51, 51, 43, 51, 160, 10, 154, 130, 42, 10, 43, 130, 90, 874, 190, 80, 841, 30, 51, 90, 122, 36, 193, 51, 195, 51, 195, 110, 51, 100, 1312, 10, 40, 85, 85, 85, 40, 163, 10, 46, 110, 14, 46, 42, 12, 110, 110, 130, 20, 10, 51, 190, 42, 42, 111, 51, 20, 72, 36, 190, 20, 871, 190, 51, 51, 190, 194, 14, 50, 190, 14, 862, 51, 51, 182, 13, 20, 13, 30, 36, 30, 51, 51, 120, 36, 130, 20, 190, 190, 190, 71, 51, 20, 51, 190, 174, 195, 195, 51, 120, 111, 130, 10, 141, 1121, 36, 139, 51, 190, 111, 139, 130, 14, 111, 51, 873, 51, 111, 10, 100, 42, 51, 192, 51, 60, 173, 112, 40, 190, 120, 90, 46, 51, 124, 180, 46, 90, 42, 73, 60, 112, 114, 57, 182, 84, 51, 154, 46, 110, 57, 20, 120, 73, 36, 110, 36, 51, 42, 51, 60, 154, 841, 12, 10, 51, 60, 173, 10, 192, 60, 130, 90, 51, 180, 111, 61, 190, 60, 43, 193, 43, 43, 51, 160, 43, 46, 73, 40, 14, 194, 190, 51, 51, 51, 51, 110, 51, 138, 51, 138, 12, 173, 50, 160, 1384, 193, 190, 112, 12, 20, 51, 20, 72, 51, 87, 40, 190, 130, 42, 122, 84, 51, 55, 112, 10, 190, 195, 190, 190, 190, 12, 40, 190, 111, 61, 72]
31,[173, 842, 31, 10, 43, 110, 190, 42, 356, 80, 12, 72, 30, 60, 43, 30, 16, 193, 190, 31, 193, 30, 120, 190, 43, 71, 42, 1043]
173,[71, 332, 193, 173, 72, 138, 190, 72, 173, 26, 190, 173, 112, 173, 14, 190, 180, 173, 42, 173, 42, 36, 173, 1124, 173, 90, 36, 173, 111, 10, 190, 180, 10, 841, 120, 40, 85, 190, 111, 100, 190, 10, 90, 71, 190, 40, 91, 874, 831, 190, 10, 16, 43, 195, 195, 114, 10, 173, 192, 43, 46, 37, 13, 110, 10, 10, 173, 160, 62, 62, 173, 173, 173, 12, 37, 120, 112, 173, 51, 51, 193, 51, 10, 13, 40, 42, 192, 190, 40, 195, 90, 120, 51, 36, 51, 190, 841, 40, 46, 40, 12, 173, 90, 173, 20, 10, 36, 154, 40, 111, 43, 71, 50, 90, 10, 190, 192, 80, 173, 110, 173, 112, 190, 10, 12, 173, 180, 190, 190, 186, 51, 193, 54, 100, 20, 42, 20, 13, 138, 51, 90, 120, 72, 72, 173, 51, 42, 180, 52, 85, 254, 112, 120, 31, 70, 100, 154, 51, 30, 30, 172, 43, 15, 90, 190, 874, 43, 138, 12, 60, 40, 72, 20, 111, 111, 40, 43, 10, 12, 10, 10, 173, 110, 70, 70, 74, 13, 180, 190, 190, 70, 129, 42, 841, 42, 20, 13, 195, 130, 841, 120, 173, 111, 10, 873, 190, 173, 120, 12, 10, 51, 173, 75, 42, 138, 138, 173, 60, 11, 43, 120, 20, 12, 12, 10, 75, 90, 43, 20, 173, 190, 181, 190, 190, 110, 173, 173, 43, 173, 30, 110, 42, 12, 20, 61, 111, 70, 84, 10, 173, 36, 128, 173, 80, 160, 27, 145, 190, 190, 214, 112, 50, 13, 10, 172, 20, 120, 190, 70, 173, 13, 13, 356, 145, 90, 72, 43, 173, 173, 36, 190, 20, 42, 10, 111, 173, 46, 190, 180, 173, 173, 190, 10, 14, 190, 50, 111, 174]
1122,[42]
10,[43, 40, 180, 180, 180, 42, 332, 110, 50, 10, 193, 10, 10, 13, 10, 13, 40, 193, 120, 40, 173, 190, 40, 190, 72, 40, 80, 10, 112, 43, 112, 14, 51, 10, 10, 46, 120, 46, 90, 125, 172, 190, 190, 154, 80, 90, 190, 190, 62, 112, 20, 154, 190, 13, 10, 841, 72, 90, 120, 150, 72, 46, 51, 122, 110, 90, 1123, 145, 841, 42, 40, 841, 841, 20, 873, 10, 20, 20, 138, 112, 46, 192, 173, 334, 42, 192, 42, 10, 192, 42, 20, 112, 72, 841, 164, 72, 11, 40, 139, 190, 138, 138, 874, 112, 42, 173, 20, 113, 42, 10, 30, 173, 42, 180, 193, 36, 10, 10, 16, 190, 190, 10, 111, 190, 190, 30, 60, 36, 43, 195, 110, 20, 190, 193, 141, 14, 190, 190, 10, 51, 90, 40, 154, 841, 25, 51, 51, 111, 72, 21, 190, 60, 112, 70, 70, 30, 46, 42, 84, 841, 10, 72, 10, 10, 141, 10, 72, 120, 190, 141, 60, 43, 40, 356, 20, 130, 10, 43, 113, 154, 72, 60, 74, 192, 10, 112, 173, 30, 43, 20, 10, 193, 10, 42, 31, 180, 192, 141, 40, 10, 112, 51, 190, 190, 841, 60, 60, 190, 10, 43, 841, 10, 60, 70, 10, 1246, 20, 10, 51, 190, 51, 841, 10, 190, 42, 10, 10, 57, 10, 60, 42, 61, 128, 51, 61, 10, 20, 51, 138, 90, 190, 40, 50, 41, 10, 110, 51, 20, 20, 334, 12, 10, 46, 10, 332, 61, 90, 80, 71, 1246, 10, 112, 172, 54, 192, 40, 40, 112, 30, 20, 10, 13, 80, 10, 12, 190, 190, 73, 43, 112, 10, 43, 51, 72, 154, 85, 139, 10, 81, 40, 139, 10, 195, 51, 51, 139, 43, 100, 80, 138, 112, 873, 10, 190, 86, 112, 20, 87, 110, 73, 36, 874, 1712, 100, 231, 10, 190, 60, 180, 10, 42, 20, 46, 180, 12, 190, 10, 190, 61, 70, 16, 30, 874, 90, 20, 42, 112, 110, 10, 110, 120, 90, 192, 51, 43, 42, 120, 190, 42, 36, 60, 112, 173, 111, 112, 42, 874, 36, 46, 46, 10, 90, 42, 20, 10, 154, 1041, 51, 129, 46, 84, 20, 111, 40, 14, 10, 40, 36, 43, 85, 30, 40, 254, 193, 42, 40, 138, 40, 20, 12, 112, 120, 14, 10, 40, 10, 190, 40, 42, 42, 154, 43, 42, 10, 40, 42, 40, 42, 42, 195, 10, 42, 10, 10, 40, 173, 62, 190, 10, 15, 51, 10, 874, 182, 173, 21, 21, 72, 20, 42, 23, 40, 110, 190, 42, 30, 43, 80, 21, 50, 36, 30, 40, 10, 42, 190, 40, 33, 190, 190, 42, 55, 120, 131, 42, 10, 130, 13, 139, 20, 130, 40, 90, 13, 51, 90, 20, 36, 51, 43, 51, 41, 190, 190, 36, 36, 20, 190, 62, 20, 10, 27, 111, 190, 190, 40, 356, 20, 46, 51, 51, 80, 40, 192, 141, 120, 20, 51, 173, 80, 10, 120, 139, 161, 30, 20, 190, 42, 141, 10, 72, 30, 120, 13, 192, 10, 44, 50, 10, 10, 190, 174, 40, 145, 60, 841, 50, 20, 1124, 181, 10, 195, 10, 154, 73, 254, 10, 51, 12, 114, 42, 130, 195, 192, 141, 12, 1123, 20, 20, 42, 71, 36, 190, 110, 12, 190, 42, 190, 36, 61, 111, 130, 173, 125, 190, 10, 125, 43, 36, 43, 192, 172, 43, 172, 141, 190, 84, 190, 120, 42, 13, 60, 160, 43, 10, 42, 154, 180, 120, 110, 180, 93, 160, 160, 190, 13, 190, 1832, 112, 43, 43, 42, 133, 10, 173, 173, 190, 841, 10, 170, 10, 51, 51, 40, 138, 40, 60, 55, 160, 190, 112, 70, 42, 10, 873, 180, 190, 190, 10, 40, 84, 10, 173, 190, 60, 46, 72, 20, 72, 12, 72]
43,[50, 120, 190, 46, 40, 10, 112, 22, 51, 111, 14, 110, 20, 90, 195, 11, 195, 841, 120, 42, 31, 42, 90, 10, 192, 80, 13, 85, 841, 112, 195, 138, 130, 36, 72, 42, 43, 42, 180, 42, 173, 60, 192, 14, 51, 20, 138, 72, 36, 194, 10, 874, 20, 20, 43, 20, 112, 190, 186, 31, 20, 141, 43, 10, 50, 10, 173, 141, 90, 12, 60, 192, 46, 73, 841, 180, 190, 10, 90, 356, 40, 12, 150, 42, 874, 173, 190, 43, 100, 10, 130, 40, 23, 100, 20, 20, 154, 130, 15, 51, 72, 190, 90, 30, 1821, 45, 190, 43, 30, 42, 112, 190, 112, 40, 190, 10, 112, 20, 139, 43, 138, 90, 20, 111, 130, 190, 20, 42, 1711, 110, 42, 43, 42, 90, 90, 46, 43, 51, 42, 42, 51, 43, 334, 36, 111, 80, 43, 80, 20, 43, 173, 195, 112, 43, 172, 173, 10, 154, 42, 190, 84, 40, 841, 40, 130, 42, 36, 51, 42, 85, 10, 43, 51, 85, 75, 20, 192, 43, 71, 42, 50, 190, 42, 190, 40, 12, 60, 42, 72, 12, 194, 190, 43, 190, 1123, 42, 43, 20, 160, 72, 40, 40, 43, 874, 190, 874, 110, 72, 84, 20, 30, 172, 46, 51, 111, 841, 100, 190, 10, 180, 192, 60, 190, 139, 12, 173, 138, 80, 14, 42, 873, 30, 10, 51, 70, 190, 194, 43, 90, 80, 10, 20, 20, 10, 110, 173, 43, 190, 80, 191, 192, 51, 40, 36, 90, 110, 120, 43, 110, 332, 60, 10, 190, 70, 180, 51, 31, 90, 51, 190, 10, 51, 190, 190, 138, 60, 20, 43, 193, 15, 70, 61, 43, 231, 72, 51, 40, 36, 1125, 112, 40, 51, 42, 145, 70, 1384, 43, 1246, 173, 112, 43, 41, 1246, 90, 173, 190, 90, 60, 43, 173, 138, 16, 42, 36, 90, 42, 111, 43, 43, 71, 10, 122, 60, 51]
50,[90, 71, 71, 141, 40, 85, 20, 172, 190, 57, 36, 40, 36, 10, 130, 43, 40, 173, 12, 31, 40, 45, 112, 50, 10, 36, 42, 10, 50, 190, 40, 50, 46, 13, 190, 46, 172, 43, 12, 154, 40, 53, 190, 42, 10, 120, 141, 42, 42, 40, 190, 20, 43, 50, 42, 120, 113, 10, 50, 51, 12, 71, 42, 46, 173, 60, 111, 72, 13, 90, 190, 57, 192, 42, 50, 50, 111, 14, 50, 841, 160, 192, 1384, 40, 190, 14, 190, 43]
193,[172, 190, 193, 192, 10, 10, 102, 120, 72, 193, 190, 110, 192, 160, 36, 51, 36, 190, 190, 841, 43, 11, 20, 10, 51, 20, 40, 73, 193, 10, 62, 192, 42, 193, 190, 190, 193, 193, 70, 20, 190, 193, 72, 190, 190, 193, 154, 90, 193, 111, 190, 35, 43, 193, 195, 193, 10, 90, 173, 42, 112, 72, 874, 40, 80, 12, 46, 110, 193, 195, 42, 60, 20, 141, 51, 40, 40, 190, 193, 160, 43, 192, 172, 193, 46, 193, 190, 120, 138, 16, 190, 46, 160, 841, 12, 172, 193, 193, 182, 873, 173, 46, 111, 193, 193, 20, 356, 60, 51, 190, 193, 195, 43, 874, 20, 20, 10, 50, 173, 30, 874, 111, 193, 160, 193, 333, 20, 190, 10, 195, 160, 90, 72, 72, 60, 30]
190,[193, 138, 180, 10, 190, 185, 40, 112, 14, 10, 190, 10, 173, 180, 110, 10, 181, 173, 111, 173, 10, 180, 180, 10, 53, 173, 20, 43, 40, 190, 331, 51, 35, 51, 30, 113, 190, 10, 51, 15, 193, 50, 42, 10, 42, 175, 190, 190, 190, 42, 15, 190, 112, 190, 175, 175, 130, 172, 31, 190, 90, 43, 190, 190, 194, 10, 172, 72, 172, 193, 10, 100, 87, 90, 60, 190, 138, 20, 173, 15, 91, 20, 841, 193, 110, 173, 10, 110, 51, 194, 11, 43, 194, 120, 90, 51, 160, 46, 42, 12, 138, 138, 40, 190, 112, 57, 36, 190, 12, 13, 874, 173, 112, 51, 111, 180, 190, 173, 112, 42, 112, 51, 10, 120, 20, 190, 181, 90, 10, 40, 13, 1124, 10, 190, 10, 190, 51, 13, 46, 120, 190, 190, 90, 190, 111, 10, 36, 10, 73, 193, 12, 332, 50, 42, 60, 72, 190, 138, 190, 62, 190, 190, 110, 1124, 46, 90, 42, 72, 72, 60, 40, 190, 12, 14, 190, 12, 10, 42, 190, 190, 1384, 51, 193, 36, 111, 72, 111, 190, 190, 232, 90, 40, 1123, 43, 72, 40, 60, 51, 43, 60, 60, 111, 190, 42, 154, 110, 113, 120, 174, 190, 180, 138, 190, 42, 12, 40, 71, 72, 100, 60, 20, 112, 46, 10, 192, 51, 14, 10, 36, 190, 43, 120, 190, 190, 190, 190, 190, 190, 190, 190, 190, 42, 1123, 193, 193, 72, 12, 193, 190, 90, 1123, 190, 43, 51, 112, 42, 43, 10, 60, 42, 10, 190, 60, 10, 874, 110, 46, 112, 138, 10, 841, 190, 190, 40, 190, 172, 46, 190, 60, 13, 80, 180, 193, 42, 110, 173, 84, 43, 190, 43, 190, 190, 43, 10, 13, 190, 54, 46, 42, 42, 138, 10, 1124, 190, 193, 40, 194, 190, 90, 190, 194, 42, 60, 10, 51, 161, 190, 190, 190, 30, 130, 190, 90, 190, 139, 190, 190, 1712, 139, 138, 51, 154, 154, 25, 51, 190, 190, 20, 190, 141, 72, 72, 13, 43, 190, 1246, 160, 43, 46, 10, 43, 173, 1711, 42, 42, 356, 43, 70, 20, 51, 120, 36, 190, 150, 10, 46, 190, 42, 10, 14, 190, 20, 112, 20, 42, 43, 72, 10, 51, 42, 10, 43, 90, 1014, 13, 40, 60, 40, 20, 190, 173, 12, 190, 192, 10, 193, 80, 110, 10, 125, 190, 26, 13, 12, 40, 70, 40, 85, 40, 43, 43, 43, 190, 190, 190, 193, 51, 56, 190, 72, 72, 160, 139, 172, 190, 180, 190, 51, 42, 138, 80, 195, 10, 190, 62, 14, 43, 173, 190, 20, 111, 190, 120, 43, 51, 51, 72, 190, 180, 173, 42, 190, 111, 14, 72, 173, 111, 874, 193, 51, 190, 190, 190, 31, 190, 190, 190, 190, 190, 190, 173, 190, 173, 20, 74, 190, 193, 51, 43, 190, 51, 190, 190, 190, 43, 190, 43, 154, 190, 43, 190, 190, 42, 190, 190, 20, 190, 190, 192, 190, 190, 12, 190, 13, 190, 42, 45, 42, 160, 190, 20, 40, 190, 10, 42, 42, 194, 190, 80, 190, 841, 71, 841, 195, 183, 139, 10, 190, 12, 154, 42, 30, 20, 190, 190, 1056, 190, 190, 1056, 190, 10, 194, 111, 16, 13, 51, 190, 111, 80, 192, 60, 20, 111, 120, 43, 190, 36, 46, 190, 172, 36, 10, 57, 1123, 182, 180, 10, 43, 20, 40, 190, 1123, 139, 190, 36, 174, 40, 110, 139, 36, 195, 14, 129, 172, 111, 190, 112, 20, 195, 154, 80, 190, 20, 12, 120, 190, 51, 20, 130, 190, 190, 141, 43, 139, 36, 36, 110, 10, 190, 841, 173, 192, 51, 50, 90, 80, 193, 46, 51, 10, 20, 36, 73, 40, 110, 13, 190, 40, 111, 42, 111, 70, 231, 192, 20, 10, 31, 71, 190, 180, 12, 30, 45, 1711, 85, 90, 173, 20, 12, 190, 190, 43, 141, 20, 60, 73, 190, 172, 42, 10, 42, 60, 60, 190, 190, 173, 12, 190, 12, 190, 110, 20, 10, 190, 190, 173, 173, 190, 10, 10, 111, 80, 110, 120, 12, 111, 42, 173, 160, 73, 10, 20, 231, 231, 190, 194, 190, 141, 190, 60, 190, 70, 173, 36, 20, 130, 51, 180, 190, 71, 190, 10, 190, 90, 172, 80, 190, 190, 42, 190, 154, 190, 90, 51, 154, 20, 51, 40, 190, 141, 192, 180, 192, 60, 356, 138, 43, 1123, 20, 190, 10, 20, 10, 195, 195, 51, 40, 43, 20, 71, 70, 51, 60, 190, 180, 51, 190, 183, 42, 111, 190, 190, 180, 87, 43, 190, 874, 190, 19, 193, 40, 190, 190, 55, 111, 42, 190, 874, 20, 194, 110, 36, 70, 194, 40, 42, 154, 40, 190, 51, 10, 90, 173, 193, 1384, 190, 41, 175, 172, 72, 172, 43, 173, 172, 50, 51, 12, 154, 87, 72, 36, 139, 72, 190, 1123, 190, 190, 30, 42, 72, 10, 190, 180, 60, 190, 138, 130, 60, 10, 111, 190, 190, 138, 42, 138, 173, 190, 194, 20, 120, 43, 138, 42, 111, 42, 11, 1043, 193, 20, 51, 194, 190, 90, 43, 190, 190, 130, 190, 120, 120, 873, 190, 51, 154, 173, 190, 40, 11, 192, 51, 190, 173, 10, 10, 71, 190, 190, 173, 190, 40, 10, 173, 120, 190, 46, 195, 190, 120, 36, 190, 46, 190, 180, 60, 43, 190, 51, 87, 190, 193, 20]
138,[173, 190, 173, 43, 42, 43, 43, 195, 138, 174, 190, 51, 42, 193, 15, 138, 110, 145, 841, 112, 138, 10, 46, 111, 154, 110, 26, 51, 195, 10, 90, 120, 173, 60, 331, 125, 10, 1043, 110, 1124, 84, 356, 10, 43, 43, 20, 161, 150, 111, 111, 36, 40, 51, 141, 10, 192, 10, 70, 46, 190, 190, 10, 40, 61, 40, 22, 51, 12, 10, 112, 36, 72, 90, 43, 190, 36, 111, 46, 36, 10, 46, 180, 72, 46, 190, 40, 42, 130, 60, 111, 17, 16, 10, 139, 138, 10, 174, 841, 120, 20, 192, 43, 43, 112, 51, 172, 46, 111, 43, 831, 172, 51, 90, 41, 50, 20, 12, 192, 112, 138, 60, 60, 10, 72, 190, 110, 20, 30, 30, 120, 190, 190, 190, 190, 138, 43]
185,[36]
36,[190, 60, 112, 36, 36, 72, 36, 195, 102, 42, 46, 43, 111, 30, 20, 10, 173, 190, 87, 36, 874, 20, 10, 190, 90, 40, 190, 113, 195, 20, 36, 331, 73, 40, 36, 36, 36, 40, 40, 13, 30, 36, 50, 173, 173, 43, 192, 42, 46, 173, 40, 190, 141, 14, 36, 190, 141, 43, 1123, 42, 90, 42, 60, 40, 112, 10, 138, 36, 20, 73, 73, 43, 73, 42, 80, 10, 46, 57, 190, 20, 72, 20, 52, 72, 43, 40, 190, 80, 90, 60, 192, 841, 57, 46, 10, 12, 173, 70, 36, 50, 50, 14, 130, 70, 154, 51, 128, 40, 12, 17, 180, 141, 12, 36, 75, 120, 51, 20, 90, 70, 190, 173, 20, 10, 120, 30, 90, 841, 40, 40, 125, 110, 163, 1312, 51, 43, 20, 40, 194, 85, 72, 110, 190, 10, 10, 36, 51, 72, 38, 51, 36, 133, 30, 10, 194, 36, 20, 36, 20, 13, 10, 120, 36, 51, 30, 114, 51, 112, 36, 20, 111, 60, 111, 190, 120, 51, 43, 36, 110, 43, 10, 50, 46, 139, 195, 36, 190, 129, 190, 36, 42, 873, 50, 190, 30, 46, 46, 60, 1711, 190, 138, 43, 20, 110, 36, 113, 190, 173, 12, 90, 110, 190, 45, 43, 1711, 90, 12, 110, 46, 46, 40, 111, 40, 51, 160, 42, 194, 43, 20, 72, 874, 190, 13, 190, 90, 36, 190, 111, 71, 190, 174, 40, 190, 190, 111, 36, 60, 10]
26,[173, 100, 10, 173, 120, 841, 190, 51, 173, 42, 841, 26, 26, 46, 26, 36, 1822, 40, 841, 43, 46, 85, 26, 172, 173, 10, 46, 180]
112,[51, 190, 30, 20, 141, 874, 53, 190, 10, 1712, 100, 128, 100, 51, 173, 193, 120, 195, 145, 190, 51, 112, 51, 141, 51, 130, 22, 46, 100, 139, 154, 154, 120, 100, 112, 36, 190, 112, 11, 193, 190, 173, 12, 40, 173, 120, 13, 80, 180, 190, 232, 36, 190, 112, 112, 111, 42, 161, 130, 141, 154, 190, 138, 36, 141, 42, 90, 120, 20, 173, 190, 112, 80, 42, 173, 193, 72, 90, 182, 30, 874, 112, 112, 111, 112, 130, 40, 172, 138, 12, 13, 14, 10, 42, 120, 12, 43, 71, 112, 40, 72, 51, 90, 120, 145, 112, 43, 40, 43, 43, 190, 160, 111, 182, 873, 25, 12, 51, 154, 14, 30, 14, 173, 90, 40, 181, 112, 841, 10, 112, 173, 20, 10, 13, 51, 30, 72, 31, 43, 90, 46, 90, 42, 80, 112, 194, 26, 13, 190, 1312, 190, 40, 85, 874, 10, 72, 112, 60, 70, 42, 10, 112, 40, 841, 70, 112, 112, 111, 20, 40, 141, 139, 20, 112, 173, 100, 10, 130, 112, 10, 162, 42, 20, 20, 172, 10, 60, 112, 181, 181, 161, 43, 51, 112, 42, 180, 160, 172, 20, 61, 129, 112, 112, 61, 42, 30, 192, 112, 190, 112, 51, 192, 192, 36, 234, 42, 112, 193, 13, 190, 10, 190, 10, 70, 43, 36, 12, 51, 190, 55, 20]
181,[40, 50, 30, 40, 181, 30, 181, 192, 90, 190, 130, 46, 331, 181, 36, 90, 120, 841, 120, 181, 190, 1712, 90, 190, 181, 181, 42, 110, 114]
114,[20, 13, 1712, 194, 51, 190, 12, 114, 10, 42, 190, 10, 36, 71, 84, 20, 73, 20, 70, 114, 71]
192,[190, 138, 90, 192, 1384, 193, 190, 100, 90, 51, 31, 192, 173, 42, 90, 42, 10, 173, 112, 10, 111, 36, 40, 36, 111, 831, 51, 40, 80, 40, 174, 20, 100, 26, 43, 42, 51, 110, 190, 60, 193, 112, 180, 192, 72, 46, 192, 154, 190, 14, 25, 36, 192, 36, 90, 192, 112, 173, 130, 80, 110, 10, 874, 75, 70, 112, 163, 173, 10, 841, 20, 192, 51, 12, 173, 84, 12, 60, 13, 193, 36, 71, 10, 154, 190, 70, 51, 190, 10, 130, 80, 111, 80, 51, 190, 139, 841, 173, 36, 51, 90, 40, 10, 46, 190, 110, 41, 10, 192, 192, 194, 60, 190, 192, 60, 110, 10, 12, 73, 90, 80, 192, 192, 80, 191, 80, 120, 81, 111, 21, 874, 90, 173, 190, 141, 14, 192, 72, 61, 42, 192, 42, 112, 192, 192, 20, 90, 195, 841, 190, 43, 43, 193, 190, 20, 190, 190, 46, 36]
57,[30, 20, 51, 192, 20, 12, 40, 85, 57, 190, 172, 10, 71, 190, 190, 60, 163, 42, 51, 42, 1312, 10, 180, 80, 874, 150, 30, 80, 71, 190, 40, 180, 161, 12]
30,[841, 42, 120, 190, 112, 10, 10, 128, 50, 70, 20, 10, 16, 51, 841, 180, 874, 42, 37, 110, 154, 51, 13, 190, 173, 20, 201, 10, 1832, 30, 40, 30, 30, 10, 1832, 30, 10, 10, 154, 50, 42, 20, 195, 30, 331, 43, 42, 42, 874, 190, 190, 130, 84, 42, 183, 138, 51, 51, 80, 20, 85, 163, 112, 20, 46, 190, 111, 51, 13, 30, 16, 30, 70, 11, 13, 180, 90, 50, 30, 51, 52, 20, 20, 111, 122, 30, 1246, 173, 111, 42, 50, 50, 30, 190, 190, 30, 40, 111, 40, 72, 72, 51, 111, 113, 20, 40, 10, 30, 114, 190, 172, 130, 841, 172, 1124, 138, 30, 72, 36, 141, 173, 90, 30, 20, 43, 30, 75, 10, 20, 44, 190, 30, 72, 10, 192, 43, 13, 160, 90, 160, 1121, 192, 30, 130, 30, 46, 51, 45, 112, 90, 190, 192, 192, 70, 60, 192, 332, 10, 72, 100, 130, 30, 10, 40, 20, 841, 20, 72, 30, 190, 90, 190, 90, 72, 84, 72, 30, 111, 73, 70, 46, 42]
111,[111, 72, 190, 111, 195, 173, 53, 40, 90, 80, 194, 81, 51, 120, 72, 90, 173, 154, 72, 190, 841, 1712, 20, 20, 80, 42, 1124, 13, 120, 120, 173, 10, 130, 195, 42, 43, 111, 10, 111, 190, 62, 120, 154, 10, 190, 1711, 42, 194, 120, 190, 190, 111, 874, 10, 43, 138, 31, 138, 152, 13, 161, 46, 72, 190, 42, 112, 130, 190, 181, 43, 10, 42, 190, 173, 90, 51, 12, 12, 112, 20, 139, 139, 42, 111, 50, 43, 20, 180, 173, 111, 53, 111, 80, 13, 120, 190, 43, 51, 120, 173, 20, 40, 36, 26, 40, 10, 40, 20, 194, 190, 60, 112, 43, 70, 10, 72, 42, 190, 30, 113, 40, 173, 12, 70, 20, 36, 195, 72, 73, 10, 20, 194, 120, 120, 180, 111, 195, 139, 110, 10, 139, 139, 190, 51, 154, 130, 111, 111, 190, 120, 111, 195, 60, 111, 130, 192, 841, 195, 190, 80, 190, 42, 36, 10, 150, 18, 174, 190, 80, 190, 141, 138, 60, 111, 111, 111, 125, 111, 190, 874, 180, 110, 112, 40, 190, 42, 311, 190, 12, 50, 195, 40, 19, 193, 111, 71, 51, 154, 42, 10, 193, 43, 20, 173, 36, 190, 43, 10, 43, 120]
120,[841, 120, 10, 71, 190, 841, 60, 80, 80, 114, 10, 14, 20, 85, 72, 120, 51, 138, 40, 30, 114, 20, 173, 120, 120, 192, 90, 36, 51, 42, 841, 85, 129, 160, 112, 138, 30, 141, 173, 112, 120, 192, 181, 13, 42, 192, 190, 10, 46, 26, 84, 841, 874, 120, 120, 80, 60, 14, 111, 110, 10, 60, 10, 131, 161, 112, 130, 46, 60, 51, 10, 73, 356, 232, 20, 160, 10, 141, 120, 30, 20, 120, 10, 190, 180, 190, 111, 120, 20, 110, 112, 60, 173, 172, 80, 42, 100, 139, 190, 20, 13, 20, 195, 141, 831, 20, 120, 138, 10, 190, 46, 10, 181, 43, 192, 154, 85, 90, 192, 90, 190, 40, 72, 172, 174, 43, 120, 120, 41, 129, 90, 180, 60, 70, 12, 111, 12, 120, 110, 40, 120, 120, 154, 332, 60, 120, 874, 110, 190, 71, 874, 51, 36, 190, 190, 194, 42, 129, 10, 51, 80, 42, 36, 10, 195, 36, 130, 190, 180, 190, 10, 120, 190, 195, 120, 180, 139, 80, 174, 139, 139, 43, 180, 141, 51, 13, 173, 43, 20, 138, 51, 120, 51, 190, 831, 138, 36, 40, 10, 120, 192, 173, 100, 43, 10, 20, 192, 43, 113, 41, 43, 20, 81, 43, 20, 112, 112, 17, 10, 190, 40, 30, 42, 120, 190, 120, 173, 122, 90, 43, 43, 42, 46, 11, 42, 130, 72, 122, 46, 36, 70]
12,[130, 332, 13, 42, 60, 40, 10, 100, 111, 112, 12, 12, 110, 10, 20, 51, 120, 111, 110, 51, 50, 180, 10, 50, 30, 12, 43, 141, 40, 841, 36, 192, 42, 40, 72, 111, 20, 130, 111, 190, 42, 26, 42, 31, 43, 141, 51, 26, 150, 112, 112, 51, 110, 10, 190, 12, 154, 112, 40, 10, 12, 10, 90, 112, 43, 841, 1711, 51, 30, 85, 110, 163, 46, 12, 12, 36, 100, 10, 36, 10, 20, 16, 42, 12, 50, 139, 20, 20, 193, 120, 20, 42, 85, 112, 100, 12, 180, 138, 10, 20, 26, 12, 43, 20, 40, 20, 51, 12, 120, 36, 50, 10, 46, 10, 139, 10, 42, 190, 15, 190, 51, 20, 72, 180, 72, 80, 194, 84, 131, 10, 12, 141, 57, 90, 90, 154, 173, 190, 138, 100, 139, 51, 190, 1121, 112, 60, 331, 42, 190, 10, 125, 112, 145, 12, 110, 12, 72, 46, 12, 12, 42, 51, 1246, 33, 10, 111, 174, 43, 43, 51, 73, 62, 62, 110, 72, 12, 30, 12, 190, 72, 353, 60, 70, 60, 111, 110, 154, 36, 30, 110, 72, 841, 71, 20, 12, 190, 90, 12, 72, 194, 194]
130,[36, 175, 42, 112, 84, 90, 13, 51, 111, 14, 141, 130, 113, 130, 154, 90, 51, 232, 20, 190, 138, 10, 61, 195, 22, 181, 13, 112, 72, 173, 111, 181, 138, 190, 36, 10, 139, 25, 1712, 112, 10, 113, 40, 130, 42, 112, 190, 20, 13, 138, 20, 190, 12, 130, 10, 112, 190, 173, 13, 12, 26, 161, 139, 139, 130, 195, 42, 154, 20, 100, 46, 174, 40, 120, 36, 130, 30, 130, 191, 174, 15, 194, 180, 120, 190, 20, 195, 190, 43, 120, 72, 12, 173, 10, 192, 195, 60, 112, 190, 130, 30, 124, 125, 10, 111, 20, 30, 46, 40, 182, 190, 190, 20, 190]
195,[102, 120, 195, 173, 33, 71, 110, 195, 111, 873, 30, 42, 84, 112, 90, 36, 100, 112, 190, 173, 192, 1832, 12, 152, 42, 190, 72, 72, 112, 40, 190, 12, 15, 70, 20, 110, 90, 195, 90, 190, 51, 51, 51, 36, 141, 195, 42, 173, 195, 195, 190, 15, 30, 42, 91, 138, 20, 14, 40, 1124, 193, 162, 130, 31, 120, 190, 10, 46, 46, 174, 84, 195, 150, 141, 20, 46, 120, 110, 195, 51, 160, 1711, 254, 195, 190, 72, 180, 60, 112, 190, 20, 195, 20, 195, 195, 20, 190, 43, 195, 195, 72, 195, 111, 40, 173, 195, 195, 122, 190]
102,[173, 173, 51, 102, 42, 40, 102, 102, 190]
1124,[173, 10, 13, 20, 174, 190, 192, 110, 120, 57, 10, 874, 70, 60, 195, 20, 10, 190, 180, 51, 40, 90, 90]
13,[1124, 102, 42, 192, 42, 13, 12, 36, 42, 42, 160, 93, 111, 13, 51, 120, 51, 120, 111, 42, 874, 42, 72, 90, 40, 40, 111, 173, 40, 36, 120, 72, 190, 154, 73, 12, 174, 13, 40, 20, 120, 10, 111, 130, 42, 90, 100, 43, 138, 12, 20, 46, 90, 13, 75, 60, 120, 190, 100, 51, 10, 831, 111, 130, 192, 110, 10, 12, 90, 874, 20, 150, 20, 46, 190, 60, 14, 120, 112, 46, 10, 232, 160, 10, 13, 46, 13, 190, 193, 30, 12, 130, 12, 46, 161, 141, 111, 62, 213, 46, 192, 190, 60, 13, 331, 192, 70, 20, 51, 10, 51, 42, 80, 190, 51, 334, 190, 20, 194, 190, 194, 70, 16, 133, 173, 90, 192, 190, 16, 241, 12, 13, 13, 122, 190, 46]
53,[51, 841, 138, 53, 141, 50, 10, 195, 53, 111, 332, 120, 154]
85,[51, 85, 190, 173, 173, 50, 113, 85, 120, 73, 85, 20, 841, 131, 112, 173, 40, 51, 145, 30, 112, 10, 85, 85, 20, 120, 36, 42, 129, 90, 40, 70, 173, 163, 85, 42, 85, 40, 12, 254, 40, 154, 85, 1312, 51, 85, 10, 90, 13, 46, 30, 173, 190, 100, 10, 173, 10, 20, 51, 10, 85, 192, 841]
46,[163, 190, 120, 46, 114, 332, 194, 111, 30, 50, 90, 111, 84, 43, 90, 90, 42, 173, 13, 874, 40, 40, 30, 30, 46, 113, 120, 90, 173, 1124, 90, 40, 841, 141, 60, 51, 40, 42, 42, 356, 20, 356, 190, 51, 36, 73, 43, 71, 46, 10, 36, 70, 10, 120, 173, 60, 128, 138, 43, 72, 72, 1123, 130, 173, 13, 10, 46, 90, 90, 15, 85, 100, 36, 202, 20, 10, 130, 180, 80, 139, 139, 12, 51, 10, 10, 51, 190, 42, 1124, 13, 13, 190, 46, 46, 43, 1246, 173, 10, 112, 40, 51, 42, 90, 46, 10, 40, 180, 193, 190, 130, 40, 40, 44, 22, 46, 10, 26, 36, 22, 42, 111, 46, 90, 40, 51, 10, 12, 10, 42, 42, 51, 46, 72, 42, 46, 163, 20, 112, 20, 10, 195, 112, 43, 80, 72, 874, 36, 120, 80, 46, 51, 111, 42, 46, 190, 80, 172, 36, 190, 40, 110, 141, 192, 120, 40, 42, 90, 173, 138, 20, 44, 43, 180, 46, 90, 90, 10, 46, 841, 60, 50, 130, 190, 90, 46, 874, 42, 20, 30, 12, 180, 180, 36, 40, 72, 10, 112, 112, 36, 20, 154, 13, 70, 13, 72, 30, 90, 120, 192, 190, 1056, 13, 193, 40, 190, 110, 20, 40]
163,[40, 113, 141, 51, 163, 163, 110, 90, 42, 10, 154, 20, 163, 90, 174, 111, 112, 190, 163, 84, 80]
11,[831, 43, 173, 42, 172, 160, 120, 20, 193, 12, 174, 51, 873, 12, 190, 192]
831,[40, 173, 71, 84, 120, 192, 100, 831, 42, 50, 112, 112, 74, 130, 51, 90, 192, 831, 190, 138]
331,[331, 110, 36, 42, 20, 84, 120, 173, 40, 51, 40, 40, 874, 180, 20, 72, 80]
61,[61, 332, 61, 33, 110, 61, 10, 138, 40, 40, 61, 14, 43, 190, 61, 61, 61, 42, 72, 111, 75, 42, 1246, 26, 43, 61, 15, 129, 51, 73, 10, 22, 190, 30, 42, 110, 30, 190, 51]
80,[61, 138, 80, 46, 60, 10, 72, 51, 874, 172, 90, 190, 1124, 10, 80, 72, 20, 43, 42, 841, 72, 110, 112, 10, 154, 141, 12, 60, 192, 10, 192, 80, 42, 12, 120, 57, 181, 130, 20, 80, 180, 192, 145, 111, 192, 14, 85, 42, 154, 139, 43, 40, 110, 120, 73, 80, 80, 60, 42, 51, 31, 10, 20, 43, 20, 20, 80, 160, 40, 46, 42, 40, 139, 80, 874, 20, 20, 80, 111, 21, 10, 190, 110, 150, 356, 46, 46, 139, 138, 40, 40, 150, 154, 60, 42, 139, 30, 213, 111, 120, 80, 51, 141, 10, 120, 100, 100, 46, 30, 191, 80, 192, 42, 42, 145, 80, 190, 90, 120, 190, 45, 42, 13, 173]
33,[110, 110, 138, 10, 120, 122, 61, 13, 90, 33, 193, 60, 138, 90, 10]
15,[15, 332, 190, 42, 111, 190, 15, 190, 173, 138, 112, 841, 84, 110, 10, 10, 182, 15, 150, 51, 190, 111, 12, 332, 163, 111, 15, 191, 10, 150]
1712,[51, 51, 1384, 120, 174, 190, 10, 111, 190, 20, 130, 80, 100, 75, 194, 129, 129, 42]
22,[90, 1712, 51, 120, 20, 112, 154, 22, 51, 174, 190, 112, 51, 46, 180, 60, 163, 36, 60, 141, 110, 113, 113]
128,[51, 14, 193, 138, 113, 120, 42, 163, 30, 11, 42, 111, 70, 194]
35,[43, 20, 190, 35, 12, 13, 35, 42, 36, 110, 12]
1384,[42, 51, 1384, 145, 190, 10, 13, 173, 193, 112]
194,[1712, 138, 194, 190, 194, 173, 193, 40, 85, 120, 40, 40, 60, 190, 194, 40, 180, 43, 194, 120, 190, 36, 84, 131, 13, 10, 10, 42, 138, 120, 180, 193, 42, 62, 190, 173, 145, 194, 10, 42, 50, 192, 112, 874, 40, 120, 70, 180, 190, 195, 43, 10, 192, 194, 183, 183, 194, 190, 173, 311, 51, 190, 194, 111, 13, 42, 46, 112, 12, 190, 138, 130, 194, 51, 51, 72]
174,[172, 174, 192, 114, 356, 154, 1712, 90, 112, 138, 174, 17, 10, 174, 30, 90, 14, 40, 43, 112, 43, 46, 110, 130, 20, 195, 130, 20, 10, 20, 15, 120, 192, 110, 40, 190, 190, 150, 124, 50, 90, 72, 73, 173, 90, 36, 72]
154,[14, 180, 154, 10, 100, 51, 42, 100, 841, 40, 26, 14, 111, 73, 841, 42, 72, 173, 154, 10, 10, 60, 57, 40, 40, 110, 51, 138, 130, 154, 51, 871, 138, 192, 72, 43, 12, 154, 13, 42, 160, 173, 154, 36, 42, 154, 80, 154, 60, 100, 90, 124, 190, 192, 190, 10, 174, 831, 10, 40, 161, 120, 43, 10, 41, 190, 51, 61, 36, 112, 143, 874, 181, 15, 831, 194, 71, 190, 139, 356, 130, 13, 100, 190, 190, 112, 14, 120, 192, 31, 154, 332, 111, 36, 20, 125, 40, 190, 192, 110, 51, 100, 12, 90, 10, 72, 72, 51, 43, 71, 13]
125,[12, 36, 138, 110, 125, 40, 40, 40, 125, 46, 190, 33, 190, 112, 112, 70, 20, 141]
81,[16, 139, 154, 154]
16,[42, 72, 10, 36, 173, 10, 43, 10, 20, 90, 12, 173, 31, 84, 43, 841, 10, 46, 10, 190, 10, 120]
113,[113, 841, 42, 113, 10, 154, 40, 40, 173, 80, 154, 12, 30, 22, 36, 332, 25, 111, 30, 20, 10, 12, 57, 41, 36, 113, 131, 51]
175,[190, 90, 40, 10, 172, 112, 173]
100,[175, 10, 57, 40, 193, 40, 173, 71, 12, 20, 51, 51, 100, 14, 70, 173, 13, 46, 172, 72, 36, 110, 195, 120, 10, 100, 138, 10, 145, 14, 130, 12, 120, 100, 120, 100, 22, 173, 190, 100, 20, 46, 12, 70, 152, 36, 36, 190, 13, 42, 13, 111, 52, 20, 231, 100, 173, 160, 12, 30, 190, 194, 40, 125, 43, 85, 10, 80, 112, 190, 10, 20, 42, 14, 128, 172, 100, 100, 100, 173, 120, 100, 30, 42, 73, 138, 331, 841, 12, 50]
160,[10, 194, 40, 173, 46, 12, 51, 12, 111, 51, 43, 13, 71, 43, 1246, 42, 12, 130, 72, 160, 160, 160, 10, 173, 160, 10, 20, 90, 46, 160, 192, 140, 190, 193, 190, 43, 112, 72, 154, 42, 20, 90, 73, 100, 73, 10, 195, 190, 30, 110, 43, 71, 51, 160, 42, 192, 1711, 173, 51, 10, 10, 90, 60]
842,[190]
233,[190]
62,[42, 62, 85, 62, 10, 11, 42, 43, 36, 62, 193, 20, 20, 62, 20, 12, 57, 43, 129, 30]
23,[42, 20, 60, 51, 23, 841, 234, 12]
1722,[141, 30, 192]
150,[22, 874, 10, 42, 10, 20, 190, 111, 182, 46, 13, 150, 30, 180, 90, 174, 190, 74, 42, 174, 154, 141, 40, 60, 42, 160, 71]
18,[20, 190, 90, 18, 72, 18, 62, 10]
87,[87, 190, 40, 60, 87, 73, 195, 160, 180, 72, 87, 139, 874, 87, 51]
54,[10, 1246, 10, 10, 45]
122,[100, 71, 10, 46, 46, 110, 51, 112, 90, 874, 190, 120, 40]
145,[145, 40, 145, 15, 193, 141, 51, 46, 138, 112, 192, 31, 85, 85, 12, 42, 42, 10, 190, 30, 84, 112, 192, 72, 145, 173, 173, 43, 43]
1123,[40, 194, 193, 1832, 13, 190, 51, 190, 70, 190, 71, 10, 190, 10, 10, 12, 20, 1123, 42]
84,[190, 84, 40, 11, 46, 331, 43, 70, 332, 841, 73, 10, 14, 46, 12, 190, 120, 40, 15, 10, 192, 84, 60, 51, 40, 111, 84, 46, 190, 43, 43, 190, 42, 138, 80, 10, 42, 84, 182, 182, 84, 71, 190, 72, 46, 42, 111, 145, 73, 874, 51, 10, 10]
91,[173, 10, 120, 195]
873,[10, 10, 12, 112, 873, 190, 190, 173, 190, 833, 190, 60, 90, 90, 90]
334,[42, 173, 40, 70, 334, 334, 10, 43, 190, 874]
164,[42, 164, 164, 43]
73,[20, 73, 51, 130, 10, 36, 73, 173, 73, 194, 43, 46, 43, 36, 120, 40, 46, 43, 86, 40, 150, 40, 139, 112, 194, 42, 180, 20, 10, 180, 75, 190, 71, 190, 51, 10, 73, 10, 114, 73, 154, 14, 20, 871, 120, 190, 190, 190, 180, 73, 190, 36, 128, 61, 36]
1312,[85, 14, 40, 46, 85, 46, 37, 163, 192, 70, 90, 90]
131,[131, 20, 20, 190, 111, 90, 131, 90, 72, 129, 42, 131, 42, 12]
37,[160, 841, 129, 351, 90]
75,[14, 90, 12, 111, 1246, 10, 141, 62, 75, 190, 51, 173, 174, 85, 1244, 20]
93,[10, 93, 60, 42]
311,[90, 51, 61]
214,[1014, 13]
1014,[42, 51, 831, 190, 190]
129,[10, 112, 173, 182, 120, 40, 129, 112, 10, 841, 173, 110, 20, 112, 172, 190, 40, 20, 871, 112]
139,[10, 190, 80, 33, 12, 80, 80, 111, 36, 25, 139, 141, 139, 100, 43, 43, 40, 150, 139, 190, 10, 14, 130, 112, 46, 139, 141, 10, 874, 46, 72, 40, 60, 14, 12, 46, 130, 139, 356, 10, 356, 150, 46, 12, 139, 356, 30, 139, 20, 113, 174, 1124, 139, 139, 11, 10, 110, 14, 40, 111, 138, 139, 40, 14, 10, 60, 43, 139, 139, 139, 139, 190, 42, 80, 46, 190, 80, 46, 51, 10, 192, 241, 190, 42]
353,[141, 62, 353, 43, 353, 234]
833,[42, 26]
201,[190, 46]
1832,[70, 30, 1831, 110, 110, 190]
1831,[1831, 182]
182,[1832, 182, 232, 42, 42, 160, 182, 100, 195, 10, 46, 193, 36, 100, 182, 190, 194, 10, 10, 182, 182, 51, 40]
39,[39, 39, 42, 42]
152,[332, 152, 40, 152, 841]
25,[874, 20, 46, 10, 139, 25, 51, 831, 190, 139, 130]
1043,[1043, 71, 173, 190, 10]
151,[151, 72]
1711,[190, 51, 40, 51, 43, 46, 190, 42, 190, 10, 112, 190, 173]
21,[43, 190, 111, 111, 10, 10, 173, 42, 80, 172]
232,[42, 190, 72, 112, 72, 80, 72, 20, 190, 72, 112]
17,[131, 51, 154, 154, 154, 13, 72]
871,[36, 180, 138, 154, 57, 172, 160, 100, 10, 51]
356,[10, 138, 180, 174, 84, 172, 161, 10, 36, 51, 173, 190, 113, 20, 10, 190, 12, 1712, 36, 20, 190, 51, 193, 43]
186,[120, 42, 35]
74,[36, 141, 80, 43, 90, 74, 190, 20, 72]
86,[42, 42, 120, 20]
45,[45, 51, 46, 10, 10, 53, 71, 42, 20, 20, 190, 10, 145, 111]
1246,[112, 1246, 154, 40, 40, 60, 1246, 190, 1246, 190, 141, 42, 101, 112, 42, 20, 10]
191,[191, 190, 194, 190, 112, 50, 20, 80]
41,[10, 41, 41, 41, 20, 41, 160, 154, 112, 14, 172, 41, 192, 172, 110, 36, 129, 13, 190]
52,[20, 120, 42, 42, 36, 46]
1821,[1246]
234,[20, 234, 43, 10, 70, 70]
183,[120, 190, 26, 192, 13, 13, 84, 190, 90]
28,[173, 90]
254,[192, 138, 110, 90, 44, 1312, 173, 141, 40, 254, 85]
202,[51]
124,[120, 12, 111, 73]
231,[10, 160, 192, 70, 20, 43, 70, 72, 138, 43, 841]
1041,[1041, 90]
101,[20, 138]
1822,[195]
56,[190, 46]
44,[36, 36, 42, 44, 120, 40, 120, 44, 10]
351,[112]
140,[193]
143,[50, 46, 20]
1121,[42, 51, 42, 84, 43, 190]
32,[32, 51]
38,[35, 90]
133,[51, 120, 50, 193]
1222,[110]
862,[10]
55,[43, 190, 190, 46, 30, 120, 190, 190]
1056,[111, 36, 191, 10, 190]
162,[112, 195]
27,[42, 10, 27, 180, 33]
213,[10, 138, 80, 42]
170,[190, 72, 170, 190]
333,[180, 73, 190]
1244,[195, 190]
92,[332]
1125,[43, 72]
19,[55, 90]
813,[128, 190]
241,[12, 40, 40]
